Workbook

Sheet Coding Worksheet _Human
A1: Coder | B1: question | C1: url | D1: JAMA_Authorship | E1: JAMA_Attribution | F1: JAMA_Disclosure | G1: JAMA_Currency | H1: JAMA_Total | I1: HON_Authority | J1: HON_Complementarity | K1: HON_Total
A2: Coder1 | C2: https://www.medicalnewstoday.com/articles/321650 | D2: 1 | E2: 0 | F2: 1 | G2: 1 | H2: =SUM(D2:G2) -> 3 | I2: 1 | J2: 1 | K2: ='Coding Worksheet _Human'!I2+'Coding Worksheet _Human'!J2 -> 2
A3: Coder1 | C3: https://blog.bonsecours.com/heart/gas-pain-vs-heart-problem/ | D3: 0 | E3: 0 | F3: 0 | G3: 1 | H3: =D3+E2+F3+G3 -> 1 | I3: 0 | J3: 1 | K3: ='Coding Worksheet _Human'!I3+'Coding Worksheet _Human'!J3 -> 1
A4: Coder1 | C4: https://ubiehealth.com/doctors-note/chest-tightness-food-airway-constriction-science5753q3 | D4: 1 | E4: 1 | F4: 0 | G4: 1 | H4: =D4+E4+F4+G4 -> 3 | I4: 1 | J4: 1 | K4: ='Coding Worksheet _Human'!I4+'Coding Worksheet _Human'!J4 -> 2
A5: Coder1 | C5: https://my.clevelandclinic.org/health/symptoms/22935-chest-pressure | D5: 0 | E5: 1 | F5: 1 | G5: 1 | H5: =D5+E5+F5+G5 -> 3 | I5: 0 | J5: 1 | K5: ='Coding Worksheet _Human'!I5+'Coding Worksheet _Human'!J5 -> 1
A6: Coder1 | C6: https://eer24.com/understanding-chest-pain-after-eating-in-adults | D6: 0 | E6: 0 | F6: 0 | G6: 1 | H6: =D6+E6+F6+G6 -> 1 | I6: 0 | J6: 1 | K6: ='Coding Worksheet _Human'!I6+'Coding Worksheet _Human'!J6 -> 1
A7: Coder1 | C7: https://my.clevelandclinic.org/health/symptoms/21209-chest-pain | D7: 0 | E7: 1 | F7: 1 | G7: 1 | H7: =D7+E7+F7+G7 -> 3 | I7: 0 | J7: 1 | K7: ='Coding Worksheet _Human'!I7+'Coding Worksheet _Human'!J7 -> 1
A8: Coder1 | C8: https://my.clevelandclinic.org/health/symptoms/earache-ear-pain | D8: 0 | E8: 1 | F8: 1 | G8: 1 | H8: =D8+E8+F8+G8 -> 3 | I8: 0 | J8: 1 | K8: ='Coding Worksheet _Human'!I8+'Coding Worksheet _Human'!J8 -> 1
A9: Coder1 | C9: https://www.healthdirect.gov.au/earache | D9: 0 | E9: 1 | F9: 0 | G9: 0 | H9: =D9+E9+F9+G9 -> 1 | I9: 0 | J9: 1 | K9: ='Coding Worksheet _Human'!I9+'Coding Worksheet _Human'!J9 -> 1
A10: Coder1 | C10: https://www.gohce.com/blog/ear-pain-urgent-care-when-to-stop-waiting-and-come-in | D10: 0 | E10: 0 | F10: 0 | G10: 1 | H10: =D10+E10+F10+G10 -> 1 | I10: 0 | J10: 1 | K10: ='Coding Worksheet _Human'!I10+'Coding Worksheet _Human'!J10 -> 1
A11: Coder1 | C11: https://www.gohce.com/blog/ear-pain-urgent-care-when-to-stop-waiting-and-come-in/ | D11: 0 | E11: 0 | F11: 0 | G11: 1 | H11: =D11+E11+F11+G11 -> 1 | I11: 0 | J11: 1 | K11: ='Coding Worksheet _Human'!I11+'Coding Worksheet _Human'!J11 -> 1
A12: Coder1 | C12: https://expercarehealth.com/urgent-care-for-ear-infection/ | D12: 1 | E12: 0 | F12: 0 | G12: 1 | H12: =D12+E12+F12+G12 -> 2 | I12: 1 | J12: 1 | K12: ='Coding Worksheet _Human'!I12+'Coding Worksheet _Human'!J12 -> 2
A13: Coder1 | C13: https://www.pickenscare.com/?post=clinic-for-ear-infection-care | D13: 0 | E13: 0 | F13: 0 | G13: 1 | H13: =D13+E13+F13+G13 -> 1 | I13: 0 | J13: 1 | K13: ='Coding Worksheet _Human'!I13+'Coding Worksheet _Human'!J13 -> 1
A14: Coder1 | C14: https://gosouthstar.com/health-blog/ear-aches-and-infections-know-when-to-go-to-urgent-care/ | D14: 1 | E14: 0 | F14: 0 | G14: 0 | H14: =D14+E14+F14+G14 -> 1 | I14: 1 | J14: 1 | K14: ='Coding Worksheet _Human'!I14+'Coding Worksheet _Human'!J14 -> 2
A15: Coder1 | C15: https://healthfirstuc.com/urgent-care-for-ear-infection-when-to-go/ | D15: 0 | E15: 0 | F15: 0 | G15: 0 | H15: =D15+E15+F15+G15 -> 0 | I15: 0 | J15: 1 | K15: ='Coding Worksheet _Human'!I15+'Coding Worksheet _Human'!J15 -> 1
... A32: Coder3 | C32: https://centreforgastrointestinalhealth.com.au/resources/abdominal-pain-after-eating/ | D32: 0 | E32: 0 | F32: 0 | G32: 0 | H32: =D32+E32+F32+G32 -> 0 | I32: 0 | J32: 0 | K32: ='Coding Worksheet _Human'!I32+'Coding Worksheet _Human'!J32 -> 0

Sheet Coding Worksheet _Code
B1: question | C1: url | D1: JAMA_Authorship | E1: JAMA_Attribution | F1: JAMA_Disclosure | G1: JAMA_Currency | H1: JAMA_Total | I1: HON_Authority | J1: HON_Complementarity | K1: HON_Total
C2: https://www.medicalnewstoday.com/articles/321650 | D2: 1 | E2: 1 | F2: 0 | G2: 1 | H2: 3 | I2: 0 | J2: 0 | K2: =I2+J2 -> 0
C3: https://blog.bonsecours.com/heart/gas-pain-vs-heart-problem/ | D3: 1 | E3: 1 | F3: 0 | G3: 1 | H3: 3 | I3: 0 | J3: 0 | K3: =I3+J3 -> 0
C4: https://ubiehealth.com/doctors-note/chest-tightness-food-airway-constriction-science5753q3 | D4: 1 | E4: 1 | F4: 0 | G4: 1 | H4: 3 | I4: 0 | J4: 1 | K4: =I4+J4 -> 1
C5: https://my.clevelandclinic.org/health/symptoms/22935-chest-pressure | D5: 0 | E5: 0 | F5: 0 | G5: 0 | H5: 0 | I5: 1 | J5: 0 | K5: =I5+J5 -> 1
C6: https://eer24.com/understanding-chest-pain-after-eating-in-adults | D6: 0 | E6: 0 | F6: 0 | G6: 0 | H6: 0 | I6: 0 | J6: 0 | K6: =I6+J6 -> 0
C7: https://my.clevelandclinic.org/health/symptoms/21209-chest-pain | D7: 0 | E7: 0 | F7: 0 | G7: 0 | H7: 0 | I7: 1 | J7: 0 | K7: =I7+J7 -> 1
C8: https://my.clevelandclinic.org/health/symptoms/earache-ear-pain | D8: 0 | E8: 0 | F8: 0 | G8: 0 | H8: 0 | I8: 1 | J8: 0 | K8: =I8+J8 -> 1
C9: https://www.healthdirect.gov.au/earache | D9: 0 | E9: 1 | F9: 1 | G9: 1 | H9: 3 | I9: 1 | J9: 0 | K9: =I9+J9 -> 1
C10: https://www.gohce.com/blog/ear-pain-urgent-care-when-to-stop-waiting-and-come-in | D10: 0 | E10: 1 | F10: 0 | G10: 1 | H10: 2 | I10: 0 | J10: 0 | K10: =I10+J10 -> 0
C11: https://www.gohce.com/blog/ear-pain-urgent-care-when-to-stop-waiting-and-come-in/ | D11: 0 | E11: 1 | F11: 0 | G11: 1 | H11: 2 | I11: 0 | J11: 0 | K11: =I11+J11 -> 0
C12: https://expercarehealth.com/urgent-care-for-ear-infection/ | D12: 0 | E12: 0 | F12: 0 | G12: 0 | H12: 0 | I12: 0 | J12: 0 | K12: =I12+J12 -> 0
C13: https://www.pickenscare.com/?post=clinic-for-ear-infection-care | D13: 0 | E13: 0 | F13: 0 | G13: 1 | H13: 1 | I13: 0 | J13: 0 | K13: =I13+J13 -> 0
... C32: https://centreforgastrointestinalhealth.com.au/resources/abdominal-pain-after-eating/ | D32: 0 | E32: 1 | F32: 0 | G32: 0 | H32: 1 | I32: 0 | J32: 0 | K32: =I32+J32 -> 0
